model,comparison,n,baseline_uns_mean,alt_uns_mean,delta_uns,wilcoxon_p,perm_p,cohens_d_paired,baseline_overlap_rate,alt_overlap_rate,delta_overlap,perm_p_holm,significant_holm
gpt-4.1,baseline_vs_anti_consensus,18,0.5620193476037919,0.5416440419186057,-0.02037530568518603,0.7763579405343053,0.8255174482551745,-0.052128386833014746,0.3888888888888889,0.2222222222222222,-0.16666666666666666,0.8255174482551745,False
gpt-4.1,baseline_vs_anti_consensus_reasoned,18,0.5620193476037919,0.6691367285363358,0.10711738093254408,0.16267331507194682,0.14138586141385862,0.35846708853576154,0.3888888888888889,0.1111111111111111,-0.2777777777777778,0.49155084491550843,False
gpt-5,baseline_vs_anti_consensus,18,0.46793942954809825,0.4212457112694643,-0.04669371827863398,0.382061346219537,0.34706529347065296,-0.22762768276270565,0.3333333333333333,0.0,-0.3333333333333333,0.6941305869413059,False
gpt-5,baseline_vs_anti_consensus_reasoned,18,0.46793942954809825,0.4000000000000001,-0.06793942954809823,0.1576193824414598,0.12288771122887711,-0.386508738225352,0.3333333333333333,0.0,-0.3333333333333333,0.49155084491550843,False
