model,comparison,n,baseline_uns_mean,alt_uns_mean,delta_uns,wilcoxon_stat,wilcoxon_p,perm_p,cohens_d_paired,cliffs_delta,baseline_overlap_rate,alt_overlap_rate,delta_overlap,mcnemar_p,perm_p_holm,significant_holm
gpt-4.1,baseline_vs_anti_consensus,18,0.7175749031593472,0.6305329308074946,-0.0870419723518527,39.5,0.07981589105945433,0.14058594140585942,-0.3686313019153241,-0.2808641975308642,0.0,0.0,0.0,0.0,0.28117188281171884,False
gpt-4.1,baseline_vs_anti_consensus_reasoned,18,0.7175749031593472,0.7135811729807803,-0.003993730178567035,67.0,0.9587607499379828,0.9428057194280572,-0.017698286531919835,0.043209876543209874,0.0,0.0,0.0,0.0,0.9428057194280572,False
gpt-5,baseline_vs_anti_consensus,18,0.6012727628814316,0.4212457112694643,-0.18002705161196733,11.0,0.01584230210517771,0.004999500049995001,-0.8259061241355918,-0.5864197530864198,0.0,0.0,0.0,0.0,0.014998500149985002,True
gpt-5,baseline_vs_anti_consensus_reasoned,18,0.6012727628814316,0.4000000000000001,-0.20127276288143156,0.0,0.002200340526906492,0.0007999200079992001,-1.1556546384015907,-0.6666666666666666,0.0,0.0,0.0,0.0,0.0031996800319968005,True
