model,condition,n,UNS_hit_mean,UNS_hit_std,overlap_hit_rate,reddit_hits_mean,match_rate,parse_error_rate
gpt-4.1,anti_consensus,18,0.5416440419186057,0.26773812924536095,0.2222222222222222,6.722222222222222,0.7777777777777778,0.0
gpt-4.1,anti_consensus_reasoned,18,0.6691367285363359,0.27666079415167383,0.1111111111111111,8.166666666666666,0.7222222222222222,0.0
gpt-4.1,baseline,18,0.5620193476037918,0.2449120976127092,0.3888888888888889,24.666666666666668,0.8888888888888888,0.0
gpt-5,anti_consensus,18,0.4212457112694643,0.09013791905861772,0.0,0.0,0.05555555555555555,1.0
gpt-5,anti_consensus_reasoned,18,0.4,0.0,0.0,0.0,0.0,1.0
gpt-5,baseline,18,0.46793942954809825,0.17577721492155887,0.3333333333333333,11.277777777777779,0.6666666666666666,0.16666666666666666
